<configuration>

    <appender name="STDOUT" class="ch.qos.logback.core.ConsoleAppender">
        <encoder>
            <pattern>%date{HH:mm:ss.SSS} %-5level %logger %msg%n</pattern>
        </encoder>
    </appender>

    <!-- logs to a separate file per pid, relies upon pid being set in the MDC -->
    <appender name="SIFT" class="ch.qos.logback.classic.sift.SiftingAppender">
        <discriminator>
            <key>pid</key>
            <defaultValue>bootstrap</defaultValue>
        </discriminator>
        <sift>
            <appender name="FILE-${pid}" class="ch.qos.logback.core.FileAppender">
                <file>build/logs/${pid}.log</file>
                <append>false</append>
                <encoder>
                    <pattern>%date{HH:mm:ss.SSS} %-5level %logger %msg%n</pattern>
                </encoder>
            </appender>
        </sift>
    </appender>

    <!--
    <appender name="FILE" class="ch.qos.logback.core.FileAppender">
        <file>build/logs/testsuite.log</file>
        <append>false</append>
        <encoder>
            <pattern>%date{HH:mm:ss.SSS} [%thread] %-5level %logger %msg%n</pattern>
        </encoder>
    </appender>
    -->

    <!-- the application log levels -->
    <logger name="uk.gov.dvsa" level="debug"/>

    <!-- set to debug to see web browser actions being executed -->
    <logger name="uk.gov.dvsa.mot.framework.WebDriverWrapper" level="warn"/>

    <!-- set to debug to see test data being loaded and used -->
    <logger name="uk.gov.dvsa.mot.data.ClientDataProvider" level="debug"/>

    <!-- default log levels for cucumber, selenium and 3rd party libraries -->
    <logger name="ch.qos.logback" level="warn"/>
    <logger name="org.openqa.selenium" level="info"/>
    <logger name="org.apache.http" level="info"/>
    <logger name="org.springframework" level="warn"/>
    <logger name="freemarker" level="warn"/>

    <root level="ALL">
        <!-- Uncomment this to send logging to the console (useful but gets mixed with Cucumber output) -->
        <!--<appender-ref ref="STDOUT" />-->

        <!-- Uncomment this to send logging to a file -->
        <appender-ref ref="SIFT" />
        <!--<appender-ref ref="FILE" />-->
    </root>
</configuration>